/*admin*/
INSERT INTO user (username, firstname, lastname, password, email) VALUES ('admin', 'Admin', 'Istrator', '30274c47903bd1bac7633bbf09743149ebab805f', 'info@tempo.at')
INSERT INTO userrole (USER_USERNAME, ROLES) VALUES ('admin', 'ADMIN')
INSERT INTO userrole (USER_USERNAME, ROLES) VALUES ('admin', 'MANAGER')
INSERT INTO userrole (USER_USERNAME, ROLES) VALUES ('admin', 'USER')



/*ps-leiter*/
INSERT INTO user (username, firstname, lastname, password, email) VALUES ('leiter1', 'Francis', 'Underwood', '30274c47903bd1bac7633bbf09743149ebab805f', 'ps-leiter1@tempo.at')
INSERT INTO userrole (USER_USERNAME, ROLES) VALUES ('leiter1', 'MANAGER')
INSERT INTO userrole (USER_USERNAME, ROLES) VALUES ('leiter1', 'USER')
INSERT INTO user (username, firstname, lastname, password, email) VALUES ('leiter2', 'Jackie', 'Sharp', '30274c47903bd1bac7633bbf09743149ebab805f', 'ps-leiter2@tempo.at')
INSERT INTO userrole (USER_USERNAME, ROLES) VALUES ('leiter2', 'MANAGER')
INSERT INTO userrole (USER_USERNAME, ROLES) VALUES ('leiter2', 'USER')

/*students*/
INSERT INTO user (username, firstname, lastname, password, email) VALUES ('student1', 'John', 'Doe', '30274c47903bd1bac7633bbf09743149ebab805f', 'student1@tempo.at')
INSERT INTO userrole (USER_USERNAME, ROLES) VALUES ('student1', 'USER')
INSERT INTO user (username, firstname, lastname, password, email) VALUES ('student2', 'Jane', 'Doe', '30274c47903bd1bac7633bbf09743149ebab805f', 'student2@tempo.at')
INSERT INTO userrole (USER_USERNAME, ROLES) VALUES ('student2', 'USER')
INSERT INTO user (username, firstname, lastname, password, email) VALUES ('student3', 'Max', 'Musterstudent', '30274c47903bd1bac7633bbf09743149ebab805f', 'student3@tempo.at')
INSERT INTO userrole (USER_USERNAME, ROLES) VALUES ('student3', 'USER')
INSERT INTO user (username, firstname, lastname, password, email) VALUES ('student4', 'Anna', 'Musterstudentin', '30274c47903bd1bac7633bbf09743149ebab805f', 'student4@tempo.at')
INSERT INTO userrole (USER_USERNAME, ROLES) VALUES ('student4', 'USER')
INSERT INTO user (username, firstname, lastname, password, email) VALUES ('student5', 'Doug', 'Stamper', '30274c47903bd1bac7633bbf09743149ebab805f', 'student5@tempo.at')
INSERT INTO userrole (USER_USERNAME, ROLES) VALUES ('student5', 'USER')
INSERT INTO user (username, firstname, lastname, password, email) VALUES ('student6', 'James', 'Madison', '30274c47903bd1bac7633bbf09743149ebab805f', 'student6@tempo.at')
INSERT INTO userrole (USER_USERNAME, ROLES) VALUES ('student6', 'USER')
INSERT INTO user (username, firstname, lastname, password, email) VALUES ('student7', 'Angelica', 'Schuyler', '30274c47903bd1bac7633bbf09743149ebab805f', 'student7@tempo.at')
INSERT INTO userrole (USER_USERNAME, ROLES) VALUES ('student7', 'USER')
INSERT INTO user (username, firstname, lastname, password, email) VALUES ('student8', 'Philip', 'Hamilton', '30274c47903bd1bac7633bbf09743149ebab805f', 'student8@tempo.at')
INSERT INTO userrole (USER_USERNAME, ROLES) VALUES ('student8', 'USER')

/*projects*/
INSERT INTO project (id, name, description) VALUES (1, 'Project 1', 'Project 1 is great')
INSERT INTO project (id, name, description) VALUES (2, 'Project 2', 'Project 2 is better')
INSERT INTO project (id, name, description) VALUES (3, 'Project 3', 'Project 3 is best')

/*member*/
INSERT INTO member (username, projectid, role) VALUES ('leiter1', 1, 'LEADER')
INSERT INTO member (username, projectid, role) VALUES ('leiter1', 3, 'LEADER')
INSERT INTO member (username, projectid, role) VALUES ('leiter2', 2, 'LEADER')
INSERT INTO member (username, projectid, role) VALUES ('student1', 1, 'STUDENT')
INSERT INTO member (username, projectid, role) VALUES ('student2', 1, 'STUDENT')
INSERT INTO member (username, projectid, role) VALUES ('student3', 1, 'STUDENT')
INSERT INTO member (username, projectid, role) VALUES ('student4', 2, 'STUDENT')
INSERT INTO member (username, projectid, role) VALUES ('student5', 2, 'STUDENT')
INSERT INTO member (username, projectid, role) VALUES ('student6', 3, 'STUDENT')
INSERT INTO member (username, projectid, role) VALUES ('student7', 3, 'STUDENT')
INSERT INTO member (username, projectid, role) VALUES ('student8', 3, 'STUDENT')

/*jobs*/
INSERT INTO job (id, name, description, projectid) VALUES (1, 'GUI', 'Frontend', 1)
INSERT INTO job (id, name, description, projectid) VALUES (2, 'Data', 'Data', 1)
INSERT INTO job (id, name, description, projectid) VALUES (3, 'Controller', 'Program logic', 1)
INSERT INTO job (id, name, description, projectid) VALUES (4, 'Testing', 'JUnit, ...', 1)
INSERT INTO job (id, name, description, projectid) VALUES (5, 'Continuous Integration', 'Make CI great again', 2)
INSERT INTO job (id, name, description, projectid) VALUES (6, 'General Testing', 'JUnit, ...', 2)
INSERT INTO job (id, name, description, projectid) VALUES (7, 'View', 'Frontend', 2)
INSERT INTO job (id, name, description, projectid) VALUES (8, 'Model', 'Data', 3)
INSERT INTO job (id, name, description, projectid) VALUES (9, 'Logic', 'Program logic', 3)
INSERT INTO job (id, name, description, projectid) VALUES (10, 'Frontend', 'Frontend', 3)

/*times*/
INSERT INTO time (id, fromtime, totime, username, jobid) VALUES (1, '2017-01-01 00:00:00', '2017-01-01 01:00:00', 'student1', 1)
INSERT INTO time (id, fromtime, totime, username, jobid) VALUES (2, '2017-01-01 01:00:00', '2017-01-01 01:30:00', 'student1', 2)
INSERT INTO time (id, fromtime, totime, username, jobid) VALUES (3, '2017-01-01 11:00:00', '2017-01-01 11:15:00', 'student7', 8)
INSERT INTO time (id, fromtime, totime, username, jobid) VALUES (4, '2017-01-01 21:00:00', '2017-01-02 01:00:00', 'student1', 3)
INSERT INTO time (id, fromtime, totime, username, jobid) VALUES (5, '2017-01-01 01:00:00', '2017-01-01 02:00:00', 'student2', 2)
INSERT INTO time (id, fromtime, totime, username, jobid) VALUES (6, '2017-01-02 15:00:00', '2017-01-02 22:00:00', 'student3', 1)
INSERT INTO time (id, fromtime, totime, username, jobid) VALUES (7, '2017-01-02 16:00:00', '2017-01-02 21:00:00', 'student4', 6)
INSERT INTO time (id, fromtime, totime, username, jobid) VALUES (8, '2017-01-02 15:00:00', '2017-01-02 17:17:00', 'student5', 7)
INSERT INTO time (id, fromtime, totime, username, jobid) VALUES (9, '2017-01-03 12:00:00', '2017-01-03 15:00:00', 'student6', 8)
INSERT INTO time (id, fromtime, totime, username, jobid) VALUES (10, '2017-01-04 11:00:00', '2017-01-04 11:21:49', 'student5', 5)
INSERT INTO time (id, fromtime, totime, username, jobid) VALUES (11, '2017-01-04 11:30:00', '2017-01-04 12:35:00', 'student6', 9)
INSERT INTO time (id, fromtime, totime, username, jobid) VALUES (12, '2017-01-04 15:15:00', '2017-01-04 17:20:00', 'student6', 8)
INSERT INTO time (id, fromtime, totime, username, jobid) VALUES (13, '2017-01-05 16:21:30', '2017-01-05 17:45:00', 'student7', 10)
INSERT INTO time (id, fromtime, totime, username, jobid) VALUES (14, '2017-01-05 12:00:00', '2017-01-05 13:57:00', 'student4', 5)
INSERT INTO time (id, fromtime, totime, username, jobid) VALUES (15, '2017-01-05 15:10:00', '2017-01-05 17:25:00', 'student8', 9)
INSERT INTO time (id, fromtime, totime, username, jobid) VALUES (16, '2017-01-05 11:15:00', '2017-01-05 14:21:00', 'student2', 2)
INSERT INTO time (id, fromtime, totime, username, jobid) VALUES (17, '2017-01-06 08:23:00', '2017-01-06 09:55:00', 'student4', 5)
INSERT INTO time (id, fromtime, totime, username, jobid) VALUES (18, '2017-01-06 09:25:00', '2017-01-06 10:33:00', 'student3', 3)
INSERT INTO time (id, fromtime, totime, username, jobid) VALUES (19, '2017-01-06 09:30:30', '2017-01-06 11:45:00', 'student2', 4)
INSERT INTO time (id, fromtime, totime, username, jobid) VALUES (20, '2017-01-06 11:22:00', '2017-01-06 13:12:00', 'student5', 5)
INSERT INTO time (id, fromtime, totime, username, jobid) VALUES (21, '2017-01-06 12:17:00', '2017-01-06 15:27:00', 'student8', 10)
INSERT INTO time (id, fromtime, totime, username, jobid) VALUES (22, '2017-01-06 13:18:00', '2017-01-06 14:55:55', 'student1', 4)
INSERT INTO time (id, fromtime, totime, username, jobid) VALUES (23, '2017-01-06 21:15:00', '2017-01-06 23:27:00', 'student3', 2)
INSERT INTO time (id, fromtime, totime, username, jobid) VALUES (24, '2017-01-07 04:23:00', '2017-01-07 05:55:00', 'student7', 8)
INSERT INTO time (id, fromtime, totime, username, jobid) VALUES (25, '2017-01-07 06:25:00', '2017-01-07 07:33:45', 'student8', 10)
INSERT INTO time (id, fromtime, totime, username, jobid) VALUES (26, '2017-01-07 08:30:30', '2017-01-07 10:45:00', 'student2', 3)
INSERT INTO time (id, fromtime, totime, username, jobid) VALUES (27, '2017-01-07 08:42:00', '2017-01-07 11:12:00', 'student5', 6)
INSERT INTO time (id, fromtime, totime, username, jobid) VALUES (28, '2017-01-07 09:00:00', '2017-01-07 10:37:00', 'student4', 5)
INSERT INTO time (id, fromtime, totime, username, jobid) VALUES (29, '2017-01-07 09:38:00', '2017-01-07 11:24:25', 'student1', 1)
INSERT INTO time (id, fromtime, totime, username, jobid) VALUES (30, '2017-01-07 09:50:00', '2017-01-07 10:25:00', 'student6', 9)
INSERT INTO time (id, fromtime, totime, username, jobid) VALUES (31, '2017-01-07 13:26:10', '2017-01-07 14:45:00', 'student2', 4)
INSERT INTO time (id, fromtime, totime, username, jobid) VALUES (32, '2017-01-07 13:42:00', '2017-01-07 15:12:00', 'student7', 8)
INSERT INTO time (id, fromtime, totime, username, jobid) VALUES (33, '2017-01-07 13:55:00', '2017-01-07 16:37:18', 'student8', 9)
INSERT INTO time (id, fromtime, totime, username, jobid) VALUES (34, '2017-01-07 14:08:00', '2017-01-07 14:10:00', 'student1', 1)
INSERT INTO time (id, fromtime, totime, username, jobid) VALUES (35, '2017-01-07 14:50:00', '2017-01-07 17:25:00', 'student6', 9)
